﻿"Indicator Category","Indicator Code","Indicator","Reporting Economy Code","Reporting Economy ISO3A Code","Reporting Economy","Partner Economy Code","Partner Economy ISO3A Code","Partner Economy","Product/Sector Classification Code","Product/Sector Classification","Product/Sector Code","Product/Sector","Period Code","Period","Frequency Code","Frequency","Unit Code","Unit","Category","Value"
"Merchandise trade values","ITS_MTV_AX","Merchandise exports by product group – annual","348","HUN","Hungary","000","","World","SITC3","Merchandise - SITC Revision 3 (aggregates)","MAMTAU","Automotive products","-","-","-","-","USM","Million US dollar","Coverage","Beginning 1996: includes trade from industrial free zones."
"Merchandise trade values","ITS_MTV_AX","Merchandise exports by product group – annual","348","HUN","Hungary","000","","World","SITC3","Merchandise - SITC Revision 3 (aggregates)","MAMTOTIC","Integrated circuits and electronic components","-","-","-","-","USM","Million US dollar","Coverage","Beginning 1996: includes trade from industrial free zones."
"Merchandise trade values","ITS_MTV_AX","Merchandise exports by product group – annual","188","CRI","Costa Rica","000","","World","SITC3","Merchandise - SITC Revision 3 (aggregates)","TO","Total merchandise","A","Annual","A","Annual","USM","Million US dollar","Coverage","Prior to 93: Processing zones trade is excluded"
"Merchandise trade values","ITS_MTV_AX","Merchandise exports by product group – annual","704","VNM","Viet Nam","000","","World","SITC3","Merchandise - SITC Revision 3 (aggregates)","TO","Total merchandise","A","Annual","A","Annual","USM","Million US dollar","Coverage","Prior to 50: data include trade flows of Cambodia and Lao People's Dem Rep"
"Merchandise trade values","ITS_MTV_AX","Merchandise exports by product group – annual","756","CHE","Switzerland","000","","World","SITC3","Merchandise - SITC Revision 3 (aggregates)","TO","Total merchandise","A","Annual","A","Annual","USM","Million US dollar","Coverage","Data include gold trade from 2012 which result in the upward revision of the 2012-14 export and import values by around 50%. Beginning 2002: electricity, returned goods and processing-related trade are included (USD 3.8 billion in 2002)."
"Merchandise trade values","ITS_MTV_AX","Merchandise exports by product group – annual","324","GIN","Guinea","000","","World","SITC3","Merchandise - SITC Revision 3 (aggregates)","TO","Total merchandise","A","Annual","A","Annual","USM","Million US dollar","Coverage","Prior to 1959 data exclude trade with other countries of the former French West Africa (Mauritania-Senegal-Mali-Guinea-Cote d'Ivoire-Niger-Burkina Faso and Benin)"
"Merchandise trade values","ITS_MTV_AX","Merchandise exports by product group – annual","562","NER","Niger","000","","World","SITC3","Merchandise - SITC Revision 3 (aggregates)","TO","Total merchandise","A","Annual","A","Annual","USM","Million US dollar","Coverage","Data are based on Balance of payments, which include estimates for informal trade."
"Merchandise trade values","ITS_MTV_AX","Merchandise exports by product group – annual","384","CIV","Côte d'Ivoire","000","","World","SITC3","Merchandise - SITC Revision 3 (aggregates)","TO","Total merchandise","A","Annual","A","Annual","USM","Million US dollar","Coverage","Data are based on Balance of payments, which include estimates for smuggled goods and informal trade."
"Merchandise trade values","ITS_MTV_AX","Merchandise exports by product group – annual","818","EGY","Egypt","000","","World","SITC3","Merchandise - SITC Revision 3 (aggregates)","MAMTAU","Automotive products","-","-","-","-","USM","Million US dollar","Coverage","2008 onwards: general trade system"
"Merchandise trade values","ITS_MTV_AX","Merchandise exports by product group – annual","804","UKR","Ukraine","000","","World","SITC3","Merchandise - SITC Revision 3 (aggregates)","MAMTAU","Automotive products","-","-","-","-","USM","Million US dollar","Coverage","Data provided by Ukraine do not include the Autonomous Republic of Crimea and the city of Sevastopol starting 2014."
"Merchandise trade values","ITS_MTV_AX","Merchandise exports by product group – annual","056","BEL","Belgium","000","","World","SITC3","Merchandise - SITC Revision 3 (aggregates)","TO","Total merchandise","A","Annual","A","Annual","USM","Million US dollar","Coverage","Prior to 99: included in Belgium-Luxembourg"
"Merchandise trade values","ITS_MTV_AX","Merchandise exports by product group – annual","854","BFA","Burkina Faso","000","","World","SITC3","Merchandise - SITC Revision 3 (aggregates)","TO","Total merchandise","A","Annual","A","Annual","USM","Million US dollar","Coverage","Data are based on Balance of payments, which include estimates for smuggled goods and informal trade."
"Merchandise trade values","ITS_MTV_AX","Merchandise exports by product group – annual","834","TZA","Tanzania","000","","World","SITC3","Merchandise - SITC Revision 3 (aggregates)","TO","Total merchandise","A","Annual","A","Annual","USM","Million US dollar","Coverage","Beginning 00: data include re-exports. Revision notice: in April 2013 revised 2006-11 from national central bank data to Comtrade. Comtrade data are plausible, and are preferred to NCB export data which are not clearly documented and display significant inconsistencies within national publications, for this time period. 2012 forward reflects NCB export data which has stabilized within national publications."
"Merchandise trade values","ITS_MTV_AX","Merchandise exports by product group – annual","178","COG","Congo","000","","World","SITC3","Merchandise - SITC Revision 3 (aggregates)","TO","Total merchandise","A","Annual","A","Annual","USM","Million US dollar","Coverage","Prior to 50: refers to French Equatorial Guinea (Congo-Centr. Afr. Rep.- Chad-Gabon)"
"Merchandise trade values","ITS_MTV_AX","Merchandise exports by product group – annual","524","NPL","Nepal","000","","World","SITC3","Merchandise - SITC Revision 3 (aggregates)","TO","Total merchandise","A","Annual","A","Annual","USM","Million US dollar","Coverage","Series refer to calendar year beginning mid-January"
"Merchandise trade values","ITS_MTV_AX","Merchandise exports by product group – annual","784","ARE","United Arab Emirates","000","","World","SITC3","Merchandise - SITC Revision 3 (aggregates)","TO","Total merchandise","A","Annual","A","Annual","USM","Million US dollar","Coverage","Prior to 1993, data exclude free zone trade. Prior to 1996, data exclude non-monetary gold. data are sourced from BOP estimated disseminated by the Central Bank."
"Merchandise trade values","ITS_MTV_AX","Merchandise exports by product group – annual","266","GAB","Gabon","000","","World","SITC3","Merchandise - SITC Revision 3 (aggregates)","TO","Total merchandise","A","Annual","A","Annual","USM","Million US dollar","Coverage","Prior to 50: data included in Congo figures (French Equatorial Guinea)"
"Merchandise trade values","ITS_MTV_AX","Merchandise exports by product group – annual","882","WSM","Samoa","000","","World","SITC3","Merchandise - SITC Revision 3 (aggregates)","TO","Total merchandise","A","Annual","A","Annual","USM","Million US dollar","Coverage","Beginning 2000 data include trade relating to processing by Yazaki Samoa (processing of automotive components). Beginning 2010 data include re-exports of fuel for Airlines and shipping vessels (about USD 10 million in 2010)."
"Merchandise trade values","ITS_MTV_AX","Merchandise exports by product group – annual","348","HUN","Hungary","000","","World","SITC3","Merchandise - SITC Revision 3 (aggregates)","MAMTOTTL","Telecommunications equipment","-","-","-","-","USM","Million US dollar","Coverage","Beginning 1996: includes trade from industrial free zones."
"Merchandise trade values","ITS_MTV_AX","Merchandise exports by product group – annual","004","AFG","Afghanistan","000","","World","SITC3","Merchandise - SITC Revision 3 (aggregates)","TO","Total merchandise","A","Annual","A","Annual","USM","Million US dollar","Coverage","Data refer to recorded trade flows. Data refer to the persian calendar year (beginning in April of the concerned year)."
"Merchandise trade values","ITS_MTV_AX","Merchandise exports by product group – annual","140","CAF","Central African Republic","000","","World","SITC3","Merchandise - SITC Revision 3 (aggregates)","TO","Total merchandise","A","Annual","A","Annual","USM","Million US dollar","Coverage","Prior to 50: data included in Congo figures (French Equatorial Guinea)"
"Merchandise trade values","ITS_MTV_AX","Merchandise exports by product group – annual","192","CUB","Cuba","000","","World","SITC3","Merchandise - SITC Revision 3 (aggregates)","TO","Total merchandise","A","Annual","A","Annual","USM","Million US dollar","Coverage","According to the NSO, the large growth in 2010 is in exports to the Bolivarian Republic of Venezuela (product unspecified)."
"Merchandise trade values","ITS_MTV_AX","Merchandise exports by product group – annual","586","PAK","Pakistan","000","","World","SITC3","Merchandise - SITC Revision 3 (aggregates)","TO","Total merchandise","A","Annual","A","Annual","USM","Million US dollar","Coverage","Beginning 1972 data exclude trade of former East Pakistan and include trade with Bangladesh"
"Merchandise trade values","ITS_MTV_AX","Merchandise exports by product group – annual","031","AZE","Azerbaijan","000","","World","SITC3","Merchandise - SITC Revision 3 (aggregates)","TO","Total merchandise","A","Annual","A","Annual","USM","Million US dollar","Coverage","Beginning 05: data sourced from balance of payments statistics in regards of the treatment of petroleum exports."
"Merchandise trade values","ITS_MTV_AX","Merchandise exports by product group – annual","214","DOM","Dominican Republic","000","","World","SITC3","Merchandise - SITC Revision 3 (aggregates)","TO","Total merchandise","A","Annual","A","Annual","USM","Million US dollar","Coverage","Prior to 1980 series exclude processing zones trade, starting 2014 BPM6"
"Merchandise trade values","ITS_MTV_AX","Merchandise exports by product group – annual","626","TLS","Timor-Leste","000","","World","SITC3","Merchandise - SITC Revision 3 (aggregates)","TO","Total merchandise","A","Annual","A","Annual","USM","Million US dollar","Coverage","Data until 2016 sourced from the Central Bank exclude reexport, which refer to the repatriation of UN equipment previously imported and returned back to the country of origin. As of 2017: NSO MTS incl RX"
"Merchandise trade values","ITS_MTV_AX","Merchandise exports by product group – annual","132","CPV","Cabo Verde","000","","World","SITC3","Merchandise - SITC Revision 3 (aggregates)","TO","Total merchandise","A","Annual","A","Annual","USM","Million US dollar","Coverage","Re-exports (oil for bunkering) are excluded"
"Merchandise trade values","ITS_MTV_AX","Merchandise exports by product group – annual","804","UKR","Ukraine","000","","World","SITC3","Merchandise - SITC Revision 3 (aggregates)","MAMTOTTL","Telecommunications equipment","-","-","-","-","USM","Million US dollar","Coverage","Data provided by Ukraine do not include the Autonomous Republic of Crimea and the city of Sevastopol starting 2014."
"Merchandise trade values","ITS_MTV_AX","Merchandise exports by product group – annual","084","BLZ","Belize","000","","World","SITC3","Merchandise - SITC Revision 3 (aggregates)","TO","Total merchandise","A","Annual","A","Annual","USM","Million US dollar","Coverage","Prior to 2002: data exclude exports of the Corozal Free Zone  (USD 116 million in 2002)."
"Merchandise trade values","ITS_MTV_AX","Merchandise exports by product group – annual","268","GEO","Georgia","000","","World","SITC3","Merchandise - SITC Revision 3 (aggregates)","TO","Total merchandise","A","Annual","A","Annual","USM","Million US dollar","Coverage","Unregistered trade is not covered"
"Merchandise trade values","ITS_MTV_AX","Merchandise exports by product group – annual","958","","Common Market for Eastern and Southern Africa (COMESA)","000","","World","SITC3","Merchandise - SITC Revision 3 (aggregates)","TO","Total merchandise","-","-","-","-","USM","Million US dollar","Coverage","Data for Eritrea is available from 1992. Data reflects the accession of Tunisia and Somalia in 2018."
"Merchandise trade values","ITS_MTV_AX","Merchandise exports by product group – annual","442","LUX","Luxembourg","000","","World","SITC3","Merchandise - SITC Revision 3 (aggregates)","TO","Total merchandise","A","Annual","A","Annual","USM","Million US dollar","Coverage","Prior to 99: included in Belgium-Luxembourg"
"Merchandise trade values","ITS_MTV_AX","Merchandise exports by product group – annual","533","ABW","Aruba, the Netherlands with respect to","000","","World","SITC3","Merchandise - SITC Revision 3 (aggregates)","TO","Total merchandise","A","Annual","A","Annual","USM","Million US dollar","Coverage","Series is sourced from BOP data including oil refining trade (revised in June 2013 from data that excluded oil refining activities). Prior to 86: data included in Netherlands Antilles figures."
"Merchandise trade values","ITS_MTV_AX","Merchandise exports by product group – annual","558","NIC","Nicaragua","000","","World","SITC3","Merchandise - SITC Revision 3 (aggregates)","TO","Total merchandise","A","Annual","A","Annual","USM","Million US dollar","Coverage","Beginning 2000 data include processing zone trade / goods for processing. The revision was made in Apr 2015. The new 2000 value is USD 236 million higher than the previous one."
"Merchandise trade values","ITS_MTV_AX","Merchandise exports by product group – annual","580","MNP","Northern Mariana Islands","000","","World","SITC3","Merchandise - SITC Revision 3 (aggregates)","TO","Total merchandise","A","Annual","A","Annual","USM","Million US dollar","Coverage","Series is estimated based on mirror data and reported garment exports. The drops from 2005 to 2009 stem from a decline in the garment sector, the last factory on Saipan is reported to have closed in January 09 (http://en.wikipedia.org/wiki/Saipan)."
"Merchandise trade values","ITS_MTV_AX","Merchandise exports by product group – annual","800","UGA","Uganda","000","","World","SITC3","Merchandise - SITC Revision 3 (aggregates)","TO","Total merchandise","A","Annual","A","Annual","USM","Million US dollar","Coverage","Data exclude the adjustments for informal trade produced by Uganda statistical authorities because of the instability of the adjustment methodology and the magnitude of revisions."
"Merchandise trade values","ITS_MTV_AX","Merchandise exports by product group – annual","600","PRY","Paraguay","000","","World","SITC3","Merchandise - SITC Revision 3 (aggregates)","TO","Total merchandise","A","Annual","A","Annual","USM","Million US dollar","Coverage","Prior to 1994: electricity exports are excluded.  1994 exports excluding electricity would be USD 817 million."
"Merchandise trade values","ITS_MTV_AX","Merchandise exports by product group – annual","348","HUN","Hungary","000","","World","SITC3","Merchandise - SITC Revision 3 (aggregates)","MAMTOTEP","Electronic data processing and office equipment","-","-","-","-","USM","Million US dollar","Coverage","Beginning 1996: includes trade from industrial free zones."
"Merchandise trade values","ITS_MTV_AX","Merchandise exports by product group – annual","710","ZAF","South Africa","000","","World","SITC3","Merchandise - SITC Revision 3 (aggregates)","TO","Total merchandise","A","Annual","A","Annual","USM","Million US dollar","Coverage","Prior to 2010: data exclude trade with BLNS countries (Botswana, Lesotho, Namibia, Swaziland -  2010 value excluding SACU members would be $80.9 Billion). Prior to 98 data refer to the SACU (include trade of Botswana-Lesotho-Swaziland-Namibia and South Africa). 73-79: exclude certain mineral oils."
"Merchandise trade values","ITS_MTV_AX","Merchandise exports by product group – annual","678","STP","Sao Tomé and Principe","000","","World","SITC3","Merchandise - SITC Revision 3 (aggregates)","TO","Total merchandise","A","Annual","A","Annual","USM","Million US dollar","Coverage","Prior to 04: data exclude reexports."
"Merchandise trade values","ITS_MTV_AX","Merchandise exports by product group – annual","894","ZMB","Zambia","000","","World","SITC3","Merchandise - SITC Revision 3 (aggregates)","TO","Total merchandise","A","Annual","A","Annual","USM","Million US dollar","Coverage","58-63: trade with Malawi and Zimbabwe is excluded"
"Merchandise trade values","ITS_MTV_AX","Merchandise exports by product group – annual","970","","Asia","000","","World","SITC3","Merchandise - SITC Revision 3 (aggregates)","TO","Total merchandise","A","Annual","A","Annual","USM","Million US dollar","Coverage","Hong Kong, China's re-exports are included"
"Merchandise trade values","ITS_MTV_AX","Merchandise exports by product group – annual","016","ASM","American Samoa","000","","World","SITC3","Merchandise - SITC Revision 3 (aggregates)","TO","Total merchandise","A","Annual","A","Annual","USM","Million US dollar","Coverage","Data refer to fiscal year ending September."
"Merchandise trade values","ITS_MTV_AX","Merchandise exports by product group – annual","044","BHS","Bahamas","000","","World","SITC3","Merchandise - SITC Revision 3 (aggregates)","TO","Total merchandise","A","Annual","A","Annual","USM","Million US dollar","Coverage","Data are sourced from BOP statistics beginning 2004. They are higher than merchandise trade data for reasons that are not entirely clear (goods procured in prts by carriers?). According to IFS note, beginning 1990 data exclude certain oil and chemical products"
"Merchandise trade values","ITS_MTV_AX","Merchandise exports by product group – annual","028","ATG","Antigua and Barbuda","000","","World","SITC3","Merchandise - SITC Revision 3 (aggregates)","TO","Total merchandise","A","Annual","A","Annual","USM","Million US dollar","Coverage","Data are sourced from ECCB balance of payment statistics. The difference with merchandise trade values is a coverage adjustment for goods procured in ports by carriers."
"Merchandise trade values","ITS_MTV_AX","Merchandise exports by product group – annual","152","CHL","Chile","000","","World","SITC3","Merchandise - SITC Revision 3 (aggregates)","TO","Total merchandise","A","Annual","A","Annual","USM","Million US dollar","Coverage","Prior to 1996 data exclude Free zones trade, goods procured in ports by carriers and repairs on goods."
"Merchandise trade values","ITS_MTV_AX","Merchandise exports by product group – annual","320","GTM","Guatemala","000","","World","SITC3","Merchandise - SITC Revision 3 (aggregates)","MAMTAU","Automotive products","-","-","-","-","USM","Million US dollar","Coverage","Prior to 02: processing zone trade is excluded"
"Merchandise trade values","ITS_MTV_AX","Merchandise exports by product group – annual","276","DEU","Germany","000","","World","SITC3","Merchandise - SITC Revision 3 (aggregates)","MAMTOTIC","Integrated circuits and electronic components","-","-","-","-","USM","Million US dollar","Coverage","1980: Germany Fed Rep . 1990: sum of Germany Fed Rep and GDR"
"Merchandise trade values","ITS_MTV_AX","Merchandise exports by product group – annual","818","EGY","Egypt","000","","World","SITC3","Merchandise - SITC Revision 3 (aggregates)","MAMTOTTL","Telecommunications equipment","-","-","-","-","USM","Million US dollar","Coverage","2008 onwards: general trade system"
"Merchandise trade values","ITS_MTV_AX","Merchandise exports by product group – annual","364","IRN","Iran","000","","World","SITC3","Merchandise - SITC Revision 3 (aggregates)","TO","Total merchandise","A","Annual","A","Annual","USM","Million US dollar","Coverage","Prior to 1999, annual values refer to years beginning March (Persian calendar). Beginning 99, data refer to Gregorian calendar (year beginning January)."
"Merchandise trade values","ITS_MTV_AX","Merchandise exports by product group – annual","108","BDI","Burundi","000","","World","SITC3","Merchandise - SITC Revision 3 (aggregates)","TO","Total merchandise","A","Annual","A","Annual","USM","Million US dollar","Coverage","Gold exports are excluded"
"Merchandise trade values","ITS_MTV_AX","Merchandise exports by product group – annual","887","YEM","Yemen","000","","World","SITC3","Merchandise - SITC Revision 3 (aggregates)","TO","Total merchandise","A","Annual","A","Annual","USM","Million US dollar","Coverage","Prior to 1990, data refer to the former Yemen Arab Republic."
"Merchandise trade values","ITS_MTV_AX","Merchandise exports by product group – annual","180","COD","Democratic Republic of the Congo","000","","World","SITC3","Merchandise - SITC Revision 3 (aggregates)","TO","Total merchandise","A","Annual","A","Annual","USM","Million US dollar","Coverage","2000-06 data were revised in April 2011 to BOP data (www.bcc.cd). National 07-09 data are considerably higher than previous periods due a.o. to enhanced reporting by mining companies. They were not yet considered because of a large discrepancy with mirror statistics."
"Merchandise trade values","ITS_MTV_AX","Merchandise exports by product group – annual","232","ERI","Eritrea","000","","World","SITC3","Merchandise - SITC Revision 3 (aggregates)","TO","Total merchandise","A","Annual","A","Annual","USM","Million US dollar","Coverage","Prior to 1992: data included in Ethiopia figures"
"Merchandise trade values","ITS_MTV_AX","Merchandise exports by product group – annual","583","FSM","Micronesia, Federated States of","000","","World","SITC3","Merchandise - SITC Revision 3 (aggregates)","TO","Total merchandise","A","Annual","A","Annual","USM","Million US dollar","Coverage","Export series is sourced from Balance of payments and refer to fiscal year ending 30-09."
"Merchandise trade values","ITS_MTV_AX","Merchandise exports by product group – annual","408","PRK","Korea, Democratic People's Republic of","000","","World","SITC3","Merchandise - SITC Revision 3 (aggregates)","TO","Total merchandise","A","Annual","A","Annual","USM","Million US dollar","Coverage","Beginning 1994 data are sourced from the Bank of Korea (Republic of) and the Korean Ministry of Unification."
"Merchandise trade values","ITS_MTV_AX","Merchandise exports by product group – annual","050","BGD","Bangladesh","000","","World","SITC3","Merchandise - SITC Revision 3 (aggregates)","TO","Total merchandise","A","Annual","A","Annual","USM","Million US dollar","Coverage","Prior to 1972 data included in Pakistan figures"
"Merchandise trade values","ITS_MTV_AX","Merchandise exports by product group – annual","292","GIB","Gibraltar","000","","World","SITC3","Merchandise - SITC Revision 3 (aggregates)","TO","Total merchandise","A","Annual","A","Annual","USM","Million US dollar","Coverage","Petroleum products are excluded"
"Merchandise trade values","ITS_MTV_AX","Merchandise exports by product group – annual","204","BEN","Benin","000","","World","SITC3","Merchandise - SITC Revision 3 (aggregates)","TO","Total merchandise","A","Annual","A","Annual","USM","Million US dollar","Coverage","Data are based on Balance of payments, which include estimates for smuggled goods and informal trade."
"Merchandise trade values","ITS_MTV_AX","Merchandise exports by product group – annual","466","MLI","Mali","000","","World","SITC3","Merchandise - SITC Revision 3 (aggregates)","TO","Total merchandise","A","Annual","A","Annual","USM","Million US dollar","Coverage","Data are based on Balance of payments, which include estimates for smuggled goods and informal trade. Prior to 61 data exclude trade with other countries of the former French West Africa"
"Merchandise trade values","ITS_MTV_AX","Merchandise exports by product group – annual","760","SYR","Syrian Arab Republic","000","","World","SITC3","Merchandise - SITC Revision 3 (aggregates)","TO","Total merchandise","A","Annual","A","Annual","USM","Million US dollar","Coverage","Beginning 2004: improved coverage of private sector transactions (unspecified products - source: NCB)."
"Merchandise trade values","ITS_MTV_AX","Merchandise exports by product group – annual","414","KWT","Kuwait, the State of","000","","World","SITC3","Merchandise - SITC Revision 3 (aggregates)","TO","Total merchandise","A","Annual","A","Annual","USM","Million US dollar","Coverage","Beginning 70 petroleum exports incude Kuwait's share from Neutral Zone"
"Merchandise trade values","ITS_MTV_AX","Merchandise exports by product group – annual","716","ZWE","Zimbabwe","000","","World","SITC3","Merchandise - SITC Revision 3 (aggregates)","TO","Total merchandise","A","Annual","A","Annual","USM","Million US dollar","Coverage","58-63: trade with Malawi and Zambia is excluded"
"Merchandise trade values","ITS_MTV_AX","Merchandise exports by product group – annual","484","MEX","Mexico","000","","World","SITC3","Merchandise - SITC Revision 3 (aggregates)","TO","Total merchandise","A","Annual","A","Annual","USM","Million US dollar","Coverage","Beginning 1980 Maquiladoras are included"
"Merchandise trade values","ITS_MTV_AX","Merchandise exports by product group – annual","643","RUS","Russian Federation","000","","World","SITC3","Merchandise - SITC Revision 3 (aggregates)","TO","Total merchandise","A","Annual","A","Annual","USM","Million US dollar","Coverage","92-93: data exclude trade with other countries from the CIS and Baltic States. Beginning 2010 this series includes an adjustment for bilateral trade with Kazakhstan that is no longer recorded by customs following implementation of a bilateral customs union. Beginning 2013, data refer to trade in goods measured as per the 6th edition of the BOP Manual (prior to 2013 data correspond to BPM5 recommendation - the difference is not significant for the Russian Federation)."
"Merchandise trade values","ITS_MTV_AX","Merchandise exports by product group – annual","120","CMR","Cameroon","000","","World","SITC3","Merchandise - SITC Revision 3 (aggregates)","TO","Total merchandise","A","Annual","A","Annual","USM","Million US dollar","Coverage","50-58: East Cameroon only"
"Merchandise trade values","ITS_MTV_AX","Merchandise exports by product group – annual","158","CHT","Chinese Taipei","000","","World","SITC3","Merchandise - SITC Revision 3 (aggregates)","TO","Total merchandise","A","Annual","A","Annual","USM","Million US dollar","Coverage","Prior to 80 re-exports ($58 million in 80) are not covered"
"Merchandise trade values","ITS_MTV_AX","Merchandise exports by product group – annual","585","PLW","Palau","000","","World","SITC3","Merchandise - SITC Revision 3 (aggregates)","TO","Total merchandise","A","Annual","A","Annual","USM","Million US dollar","Coverage","Data refer to fiscal year ending 30-09."
"Merchandise trade values","ITS_MTV_AX","Merchandise exports by product group – annual","276","DEU","Germany","000","","World","SITC3","Merchandise - SITC Revision 3 (aggregates)","MAMTAU","Automotive products","-","-","-","-","USM","Million US dollar","Coverage","1980: Germany Fed Rep . 1990: sum of Germany Fed Rep and GDR"
"Merchandise trade values","ITS_MTV_AX","Merchandise exports by product group – annual","818","EGY","Egypt","000","","World","SITC3","Merchandise - SITC Revision 3 (aggregates)","MAMTOTEP","Electronic data processing and office equipment","-","-","-","-","USM","Million US dollar","Coverage","2008 onwards: general trade system"
"Merchandise trade values","ITS_MTV_AX","Merchandise exports by product group – annual","591","PAN","Panama","000","","World","SITC3","Merchandise - SITC Revision 3 (aggregates)","TO","Total merchandise","A","Annual","A","Annual","USM","Million US dollar","Coverage","Beginning 2005, data include trade of the Colon Free Zone."
"Merchandise trade values","ITS_MTV_AX","Merchandise exports by product group – annual","804","UKR","Ukraine","000","","World","SITC3","Merchandise - SITC Revision 3 (aggregates)","MAMTOTEP","Electronic data processing and office equipment","-","-","-","-","USM","Million US dollar","Coverage","Data provided by Ukraine do not include the Autonomous Republic of Crimea and the city of Sevastopol starting 2014."
"Merchandise trade values","ITS_MTV_AX","Merchandise exports by product group – annual","222","SLV","El Salvador","000","","World","SITC3","Merchandise - SITC Revision 3 (aggregates)","TO","Total merchandise","A","Annual","A","Annual","USM","Million US dollar","Coverage","Prior to 1992 series exclude processing zone trade"
"Merchandise trade values","ITS_MTV_AX","Merchandise exports by product group – annual","504","MAR","Morocco","000","","World","SITC3","Merchandise - SITC Revision 3 (aggregates)","TO","Total merchandise","A","Annual","A","Annual","USM","Million US dollar","Coverage","Prior to 94: non-purchased goods admitted under temporary admission for inward processing are excluded. Beginning 05: data include the Tanger free zone (579 million dollar in 05)"
"Merchandise trade values","ITS_MTV_AX","Merchandise exports by product group – annual","276","DEU","Germany","000","","World","SITC3","Merchandise - SITC Revision 3 (aggregates)","MAMTOTEP","Electronic data processing and office equipment","-","-","-","-","USM","Million US dollar","Coverage","1980: Germany Fed Rep . 1990: sum of Germany Fed Rep and GDR"
"Merchandise trade values","ITS_MTV_AX","Merchandise exports by product group – annual","804","UKR","Ukraine","000","","World","SITC3","Merchandise - SITC Revision 3 (aggregates)","MAMTOTIC","Integrated circuits and electronic components","-","-","-","-","USM","Million US dollar","Coverage","Data provided by Ukraine do not include the Autonomous Republic of Crimea and the city of Sevastopol starting 2014."
"Merchandise trade values","ITS_MTV_AX","Merchandise exports by product group – annual","484","MEX","Mexico","000","","World","SITC3","Merchandise - SITC Revision 3 (aggregates)","MAMTAU","Automotive products","-","-","-","-","USM","Million US dollar","Coverage","Includes processing zones"
"Merchandise trade values","ITS_MTV_AX","Merchandise exports by product group – annual","484","MEX","Mexico","000","","World","SITC3","Merchandise - SITC Revision 3 (aggregates)","MAMTOTIC","Integrated circuits and electronic components","-","-","-","-","USM","Million US dollar","Coverage","Includes processing zones"
"Merchandise trade values","ITS_MTV_AX","Merchandise exports by product group – annual","646","RWA","Rwanda","000","","World","SITC3","Merchandise - SITC Revision 3 (aggregates)","TO","Total merchandise","A","Annual","A","Annual","USM","Million US dollar","Coverage","Beginning 2009, data sourced from the NCB Annual report 2011 (and subsequent) include an adjustment for informal trade. This adjustment amount to about USD 47 million in 2009."
"Merchandise trade values","ITS_MTV_AX","Merchandise exports by product group – annual","768","TGO","Togo","000","","World","SITC3","Merchandise - SITC Revision 3 (aggregates)","TO","Total merchandise","A","Annual","A","Annual","USM","Million US dollar","Coverage","Data are based on Balance of payments, which include estimates for smuggled goods and informal trade."
"Merchandise trade values","ITS_MTV_AX","Merchandise exports by product group – annual","258","PYF","French Polynesia","000","","World","SITC3","Merchandise - SITC Revision 3 (aggregates)","TO","Total merchandise","A","Annual","A","Annual","USM","Million US dollar","Coverage","Beginning 2008: data exclude military exports. The Statistical Institute of French Polynesia only disseminates civilian exports."
"Merchandise trade values","ITS_MTV_AX","Merchandise exports by product group – annual","702","SGP","Singapore","000","","World","SITC3","Merchandise - SITC Revision 3 (aggregates)","TO","Total merchandise","A","Annual","A","Annual","USM","Million US dollar","Coverage","Prior to 2003, data exclude trade with Indonesia."
"Merchandise trade values","ITS_MTV_AX","Merchandise exports by product group – annual","484","MEX","Mexico","000","","World","SITC3","Merchandise - SITC Revision 3 (aggregates)","MAMTOTTL","Telecommunications equipment","-","-","-","-","USM","Million US dollar","Coverage","Includes processing zones"
"Merchandise trade values","ITS_MTV_AX","Merchandise exports by product group – annual","270","GMB","The Gambia","000","","World","SITC3","Merchandise - SITC Revision 3 (aggregates)","TO","Total merchandise","A","Annual","A","Annual","USM","Million US dollar","Coverage","Series is sourced from UN Comtrade beginning 2000. Re-exports are included, seemingly with a break in series in 2009 where their amount increased dramatically (food and textiles to neighbouring countries)."
"Merchandise trade values","ITS_MTV_AX","Merchandise exports by product group – annual","804","UKR","Ukraine","000","","World","SITC3","Merchandise - SITC Revision 3 (aggregates)","TO","Total merchandise","A","Annual","A","Annual","USM","Million US dollar","Coverage","break 95 due to change in data collection (from enterprise surveys to customs collection) and change from multiple to single exchange rate regime (old 95: 11565 (OECD))"
"Merchandise trade values","ITS_MTV_AX","Merchandise exports by product group – annual","320","GTM","Guatemala","000","","World","SITC3","Merchandise - SITC Revision 3 (aggregates)","MAMTOTEP","Electronic data processing and office equipment","-","-","-","-","USM","Million US dollar","Coverage","Prior to 02: processing zone trade is excluded"
"Merchandise trade values","ITS_MTV_AX","Merchandise exports by product group – annual","320","GTM","Guatemala","000","","World","SITC3","Merchandise - SITC Revision 3 (aggregates)","MAMTOTTL","Telecommunications equipment","-","-","-","-","USM","Million US dollar","Coverage","Prior to 02: processing zone trade is excluded"
"Merchandise trade values","ITS_MTV_AX","Merchandise exports by product group – annual","148","TCD","Chad","000","","World","SITC3","Merchandise - SITC Revision 3 (aggregates)","TO","Total merchandise","A","Annual","A","Annual","USM","Million US dollar","Coverage","Prior to 50: data included in Congo figures (French Equatorial Guinea)"
"Merchandise trade values","ITS_MTV_AX","Merchandise exports by product group – annual","462","MDV","Maldives","000","","World","SITC3","Merchandise - SITC Revision 3 (aggregates)","TO","Total merchandise","A","Annual","A","Annual","USM","Million US dollar","Coverage","Prior to 1990 re-exports ($ 25 million in 90) are not covered"
"Merchandise trade values","ITS_MTV_AX","Merchandise exports by product group – annual","484","MEX","Mexico","000","","World","SITC3","Merchandise - SITC Revision 3 (aggregates)","MAMTOTEP","Electronic data processing and office equipment","-","-","-","-","USM","Million US dollar","Coverage","Includes processing zones"
"Merchandise trade values","ITS_MTV_AX","Merchandise exports by product group – annual","624","GNB","Guinea-Bissau","000","","World","SITC3","Merchandise - SITC Revision 3 (aggregates)","TO","Total merchandise","A","Annual","A","Annual","USM","Million US dollar","Coverage","Data are based on Balance of payments, which include estimates for unrecorded trade."
"Merchandise trade values","ITS_MTV_AX","Merchandise exports by product group – annual","276","DEU","Germany","000","","World","SITC3","Merchandise - SITC Revision 3 (aggregates)","TO","Total merchandise","A","Annual","A","Annual","USM","Million US dollar","Coverage","Prior to 90: the former German Democratic Republic is excluded"
"Merchandise trade values","ITS_MTV_AX","Merchandise exports by product group – annual","320","GTM","Guatemala","000","","World","SITC3","Merchandise - SITC Revision 3 (aggregates)","TO","Total merchandise","A","Annual","A","Annual","USM","Million US dollar","Coverage","Prior to 02: processing zone trade is excluded"
"Merchandise trade values","ITS_MTV_AX","Merchandise exports by product group – annual","454","MWI","Malawi","000","","World","SITC3","Merchandise - SITC Revision 3 (aggregates)","TO","Total merchandise","A","Annual","A","Annual","USM","Million US dollar","Coverage","58-63: trade with Zimbabwe and Zambia is excluded."
"Merchandise trade values","ITS_MTV_AX","Merchandise exports by product group – annual","818","EGY","Egypt","000","","World","SITC3","Merchandise - SITC Revision 3 (aggregates)","MAMTOTIC","Integrated circuits and electronic components","-","-","-","-","USM","Million US dollar","Coverage","2008 onwards: general trade system"
"Merchandise trade values","ITS_MTV_AX","Merchandise exports by product group – annual","231","ETH","Ethiopia","000","","World","SITC3","Merchandise - SITC Revision 3 (aggregates)","TO","Total merchandise","A","Annual","A","Annual","USM","Million US dollar","Coverage","Prior to 1992: data include Eritrea trade flows"
"Merchandise trade values","ITS_MTV_AX","Merchandise exports by product group – annual","398","KAZ","Kazakhstan","000","","World","SITC3","Merchandise - SITC Revision 3 (aggregates)","TO","Total merchandise","A","Annual","A","Annual","USM","Million US dollar","Coverage","Series is unadjusted for shuttle trade and goods procured in ports. Beginning 2010 data include an adjustment for bilateral trade with Russia that is no longer recorded by customs following the implementation of the bilateral customs union."
"Merchandise trade values","ITS_MTV_AX","Merchandise exports by product group – annual","070","BIH","Bosnia and Herzegovina","000","","World","SITC3","Merchandise - SITC Revision 3 (aggregates)","TO","Total merchandise","A","Annual","A","Annual","USM","Million US dollar","Coverage","Does not include unrecorded trade"
"Merchandise trade values","ITS_MTV_AX","Merchandise exports by product group – annual","430","LBR","Liberia","000","","World","SITC3","Merchandise - SITC Revision 3 (aggregates)","TO","Total merchandise","A","Annual","A","Annual","USM","Million US dollar","Coverage","1990-00: estimates refer to total imports of partner countries, excluding ships registered for flags of convenience and including significant amounts of unspecified products (Special transactions - SITC 93)."
"Merchandise trade values","ITS_MTV_AX","Merchandise exports by product group – annual","694","SLE","Sierra Leone","000","","World","SITC3","Merchandise - SITC Revision 3 (aggregates)","TO","Total merchandise","A","Annual","A","Annual","USM","Million US dollar","Coverage","Data include no estimate for smuggling and unrecorded trade."
"Merchandise trade values","ITS_MTV_AX","Merchandise exports by product group – annual","818","EGY","Egypt","000","","World","SITC3","Merchandise - SITC Revision 3 (aggregates)","TO","Total merchandise","A","Annual","A","Annual","USM","Million US dollar","Coverage","Prior to 00: Trade between Egyptian Free Zones and foreign markets is excluded. Beginning July 99, data exclude foreign partners share in oil and gas exports (Ministry of Foreign Trade and Industry, Monthly Economic Digest)."
"Merchandise trade values","ITS_MTV_AX","Merchandise exports by product group – annual","276","DEU","Germany","000","","World","SITC3","Merchandise - SITC Revision 3 (aggregates)","MAMTOTTL","Telecommunications equipment","-","-","-","-","USM","Million US dollar","Coverage","1980: Germany Fed Rep . 1990: sum of Germany Fed Rep and GDR"
"Merchandise trade values","ITS_MTV_AX","Merchandise exports by product group – annual","478","MRT","Mauritania","000","","World","SITC3","Merchandise - SITC Revision 3 (aggregates)","TO","Total merchandise","A","Annual","A","Annual","USM","Million US dollar","Coverage","Prior to 1961 data exclude trade with other countries of the former French West Africa (Mauritania-Senegal-Mali-Guinea-Cote d'Ivoire-Niger-Burkina Faso and Benin)"
"Merchandise trade values","ITS_MTV_AX","Merchandise exports by product group – annual","910","","Commonwealth of Independent States (CIS), including certain associate and former member States","000","","World","SITC3","Merchandise - SITC Revision 3 (aggregates)","TO","Total merchandise","A","Annual","A","Annual","USM","Million US dollar","Coverage","Prior to 1994, Russian Federation data exclude trade with the successor states of the former USSR."
"Merchandise trade values","ITS_MTV_AX","Merchandise exports by product group – annual","320","GTM","Guatemala","000","","World","SITC3","Merchandise - SITC Revision 3 (aggregates)","MAMTOTIC","Integrated circuits and electronic components","-","-","-","-","USM","Million US dollar","Coverage","Prior to 02: processing zone trade is excluded"
"Merchandise trade values","ITS_MTV_AX","Merchandise exports by product group – annual","250","FRA","France","000","","World","SITC3","Merchandise - SITC Revision 3 (aggregates)","TO","Total merchandise","A","Annual","A","Annual","USM","Million US dollar","Coverage","Beginning 1996: data include trade flows of the overseas departments ( Fr.Guiana Guadeloupe Martinique and Reunion)"
"Merchandise trade values","ITS_MTV_AX","Merchandise exports by product group – annual","356","IND","India","000","","World","SITC3","Merchandise - SITC Revision 3 (aggregates)","TO","Total merchandise","A","Annual","A","Annual","USM","Million US dollar","Coverage","Exclude military goods, fissionable materials, bunkers."
"Merchandise trade values","ITS_MTV_AX","Merchandise exports by product group – annual","736","SDN","Sudan","000","","World","SITC3","Merchandise - SITC Revision 3 (aggregates)","TO","Total merchandise","A","Annual","A","Annual","USM","Million US dollar","Coverage","Prior to 95: fiscal year ending June 30. Thereafter calendar year. Beginning July 2011: Sudan's territory exclude South Sudan."
"Merchandise trade values","ITS_MTV_AX","Merchandise exports by product group – annual","807","MKD","North Macedonia","000","","World","SITC3","Merchandise - SITC Revision 3 (aggregates)","TO","Total merchandise","A","Annual","A","Annual","USM","Million US dollar","Trade system","Special trade"
"Merchandise trade values","ITS_MTV_AX","Merchandise exports by product group – annual","072","BWA","Botswana","000","","World","SITC3","Merchandise - SITC Revision 3 (aggregates)","TO","Total merchandise","A","Annual","A","Annual","USM","Million US dollar","Trade system","Special trade. Beginning 03 data conform with the relaxed definition of the special trade system, to take into account goods exported and imported for further processing."
"Merchandise trade values","ITS_MTV_AX","Merchandise exports by product group – annual","604","PER","Peru","000","","World","SITC3","Merchandise - SITC Revision 3 (aggregates)","TO","Total merchandise","A","Annual","A","Annual","USM","Million US dollar","Trade system","Special trade."
"Merchandise trade values","ITS_MTV_AX","Merchandise exports by product group – annual","352","ISL","Iceland","000","","World","SITC3","Merchandise - SITC Revision 3 (aggregates)","TO","Total merchandise","A","Annual","A","Annual","USM","Million US dollar","Trade system","Beginning 1999: special trade."
"Merchandise trade values","ITS_MTV_AX","Merchandise exports by product group – annual","882","WSM","Samoa","000","","World","SITC3","Merchandise - SITC Revision 3 (aggregates)","TO","Total merchandise","A","Annual","A","Annual","USM","Million US dollar","Trade system","Prior to 2000: special trade"
"Merchandise trade values","ITS_MTV_AX","Merchandise exports by product group – annual","892","SRB","Serbia","000","","World","SITC3","Merchandise - SITC Revision 3 (aggregates)","TO","Total merchandise","A","Annual","A","Annual","USM","Million US dollar","Trade system","Beginning 07: data are compiled based on the general trade system. For Serbia exports, there is no significant difference between special trade and general trade (see Statistical Yearbook 2010 on http://webrzs.stat.gov.rs/axd/en/index.php)"
"Merchandise trade values","ITS_MTV_AX","Merchandise exports by product group – annual","084","BLZ","Belize","000","","World","SITC3","Merchandise - SITC Revision 3 (aggregates)","TO","Total merchandise","A","Annual","A","Annual","USM","Million US dollar","Trade system","Prior to 2002: special trade."
"Merchandise trade values","ITS_MTV_AX","Merchandise exports by product group – annual","818","EGY","Egypt","000","","World","SITC3","Merchandise - SITC Revision 3 (aggregates)","TO","Total merchandise","A","Annual","A","Annual","USM","Million US dollar","Trade system","Prior to 00: Special trade data sourced from CAPMAS. Beginning 00: general trade (from 00 to 07 special trade adjusted using Free Zone statistics sourced from the Central Bank and the Ministry of Trade). Revision done by WTO in April 09."
"Merchandise trade values","ITS_MTV_AX","Merchandise exports by product group – annual","156","CHN","China","000","","World","SITC3","Merchandise - SITC Revision 3 (aggregates)","MAMTOTIC","Integrated circuits and electronic components","-","-","-","-","USM","Million US dollar","Trade system","1990-1992: CT data reported in SITC Rev.2"
"Merchandise trade values","ITS_MTV_AX","Merchandise exports by product group – annual","422","LBN","Lebanese Republic","000","","World","SITC3","Merchandise - SITC Revision 3 (aggregates)","TO","Total merchandise","A","Annual","A","Annual","USM","Million US dollar","Trade system","Prior to 2001: special trade. Beginning 2001: general trade sourced from customs."
"Merchandise trade values","ITS_MTV_AX","Merchandise exports by product group – annual","156","CHN","China","000","","World","SITC3","Merchandise - SITC Revision 3 (aggregates)","MAMTOTEP","Electronic data processing and office equipment","-","-","-","-","USM","Million US dollar","Trade system","1990-1992: CT data reported in SITC Rev.2"
"Merchandise trade values","ITS_MTV_AX","Merchandise exports by product group – annual","100","BGR","Bulgaria","000","","World","SITC3","Merchandise - SITC Revision 3 (aggregates)","TO","Total merchandise","A","Annual","A","Annual","USM","Million US dollar","Trade system","Beginning 1999: special trade"
"Merchandise trade values","ITS_MTV_AX","Merchandise exports by product group – annual","156","CHN","China","000","","World","SITC3","Merchandise - SITC Revision 3 (aggregates)","MAMTOTTL","Telecommunications equipment","-","-","-","-","USM","Million US dollar","Trade system","1990-1992: CT data reported in SITC Rev.2"
"Merchandise trade values","ITS_MTV_AX","Merchandise exports by product group – annual","156","CHN","China","000","","World","SITC3","Merchandise - SITC Revision 3 (aggregates)","MAMTAU","Automotive products","-","-","-","-","USM","Million US dollar","Trade system","Prior to 1992: CT data reported in HS"
"Merchandise trade values","ITS_MTV_AX","Merchandise exports by product group – annual","320","GTM","Guatemala","000","","World","SITC3","Merchandise - SITC Revision 3 (aggregates)","TO","Total merchandise","A","Annual","A","Annual","USM","Million US dollar","Trade system","Beginning 02: general trade"
"Merchandise trade values","ITS_MTV_AX","Merchandise exports by product group – annual","893","MNE","Montenegro","000","","World","SITC3","Merchandise - SITC Revision 3 (aggregates)","TO","Total merchandise","A","Annual","A","Annual","USM","Million US dollar","Trade system","Special trade (deemed to be of bettter quality than general trade data - see Central Bank's 2009 Chief Economist report page 147.)"
"Merchandise trade values","ITS_MTV_AX","Merchandise exports by product group – annual","608","PHL","Philippines","000","","World","SITC3","Merchandise - SITC Revision 3 (aggregates)","TO","Total merchandise","A","Annual","A","Annual","USM","Million US dollar","Trade system","General trade"
"Merchandise trade values","ITS_MTV_AX","Merchandise exports by product group – annual","120","CMR","Cameroon","000","","World","SITC3","Merchandise - SITC Revision 3 (aggregates)","TO","Total merchandise","-","-","-","-","USM","Million US dollar","Trade system","Special trade"
"Merchandise trade values","ITS_MTV_AX","Merchandise exports by product group – annual","233","EST","Estonia","000","","World","SITC3","Merchandise - SITC Revision 3 (aggregates)","MAMTAU","Automotive products","-","-","-","-","USM","Million US dollar","Trade system","Prior to 2000: general trade system. Beginning 2000: special trade system."
"Merchandise trade values","ITS_MTV_AX","Merchandise exports by product group – annual","356","IND","India","000","","World","SITC3","Merchandise - SITC Revision 3 (aggregates)","TO","Total merchandise","A","Annual","A","Annual","USM","Million US dollar","Trade system","General trade"
"Merchandise trade values","ITS_MTV_AX","Merchandise exports by product group – annual","454","MWI","Malawi","000","","World","SITC3","Merchandise - SITC Revision 3 (aggregates)","TO","Total merchandise","A","Annual","A","Annual","USM","Million US dollar","Trade system","Prior to 74: special trade"
"Merchandise trade values","ITS_MTV_AX","Merchandise exports by product group – annual","894","ZMB","Zambia","000","","World","SITC3","Merchandise - SITC Revision 3 (aggregates)","TO","Total merchandise","A","Annual","A","Annual","USM","Million US dollar","Trade system","Prior to 08: special trade (ref. tables page 22 of "The Monthly" Jan09 issue, on www.zamstats.gov.zm)."
"Merchandise trade values","ITS_MTV_AX","Merchandise exports by product group – annual","051","ARM","Armenia","000","","World","SITC3","Merchandise - SITC Revision 3 (aggregates)","TO","Total merchandise","A","Annual","A","Annual","USM","Million US dollar","Trade system","Special trade"
"Merchandise trade values","ITS_MTV_AX","Merchandise exports by product group – annual","233","EST","Estonia","000","","World","SITC3","Merchandise - SITC Revision 3 (aggregates)","TO","Total merchandise","A","Annual","A","Annual","USM","Million US dollar","Trade system","Beginning 2004: special trade"
"Merchandise trade values","ITS_MTV_AX","Merchandise exports by product group – annual","120","CMR","Cameroon","000","","World","SITC3","Merchandise - SITC Revision 3 (aggregates)","TO","Total merchandise","A","Annual","A","Annual","USM","Million US dollar","Trade system","Special trade."
"Merchandise trade values","ITS_MTV_AX","Merchandise exports by product group – annual","440","LTU","Lithuania","000","","World","SITC3","Merchandise - SITC Revision 3 (aggregates)","TO","Total merchandise","A","Annual","A","Annual","USM","Million US dollar","Trade system","Beginning 2004: special trade (the general trade value would be about 3% higher)"
"Merchandise trade values","ITS_MTV_AX","Merchandise exports by product group – annual","703","SVK","Slovak Republic","000","","World","SITC3","Merchandise - SITC Revision 3 (aggregates)","TO","Total merchandise","A","Annual","A","Annual","USM","Million US dollar","Trade system","Special trade (relaxed definition)"
"Merchandise trade values","ITS_MTV_AX","Merchandise exports by product group – annual","792","TUR","Turkey","000","","World","SITC3","Merchandise - SITC Revision 3 (aggregates)","TO","Total merchandise","A","Annual","A","Annual","USM","Million US dollar","Trade system","Special trade"
